id;name;cpu;ram;disk;traffic;template
1;quantify Unbranded Plastic Tuna Frozen;86310;85003;62329;44945;Ergonomic
2;moratorium moratorium;72960;59129;63755;27472;Mississippi embrace Developer
3;synthesize Idaho compress;49379;4043;52273;71066;Small partnerships
4;Outdoors;63641;47537;31435;56327;European Unit of Account 9(E.U.A.-9) Concrete
5;relationships override;22879;94285;7697;59886;Chilean Peso Unidades de fomento
6;Web virtual deposit;87146;45653;80367;21844;e-business
7;Ghana back-end National;31800;90682;11005;27213;withdrawal
8;copying;86073;30478;695;16465;Iraq Bedfordshire
9;Concrete 24/7 Directives;32320;21876;51879;55810;facilitate Tasty Concrete Chips Exclusive
10;Buckinghamshire capability zero tolerance;3688;26678;60956;97661;paradigms Home
